capture_ts,par_umole_m2s,vwc_percent,air_temperature_celsius
,,,
2016-05-30 00:03:24  UTC,0.1,17.3790075,23.05002554
,,,
2016-05-30 00:18:24  UTC,0.1,17.50077955,23.05002554
,,,
2016-05-30 00:33:24  UTC,0.1,17.25955218,23.05002554
,,,
2016-05-30 00:48:24  UTC,0.1,17.62001638,22.95715561
,,,
2016-05-30 01:03:24  UTC,0.1,17.25141605,22.91067712
,,,
2016-05-30 01:18:24  UTC,0.1,17.13025651,22.91067712
,,,
2016-05-30 01:33:24  UTC,0.1,17.13107789,22.91067712
,,,
2016-05-30 01:48:24  UTC,0.1,17.4892714,22.86416937
,,,
2016-05-30 02:03:24  UTC,0.1,17.25141605,22.86416937
,,,
2016-05-30 02:18:24  UTC,0.1,17.25141605,22.81763218
,,,
2016-05-30 02:33:24  UTC,0.1,17.00817366,22.81763218
,,,
2016-05-30 02:48:24  UTC,0.1,17.00899582,22.77106537
,,,
2016-05-30 03:03:24  UTC,0.1,17.49177078,22.77106537
,,,
2016-05-30 03:18:24  UTC,0.1,17.24810529,22.77106537
,,,
2016-05-30 03:33:24  UTC,0.1,17.12860766,22.77106537
,,,
2016-05-30 03:48:24  UTC,0.1,17.00899582,22.77106537
,,,
2016-05-30 04:03:24  UTC,0.124417182,17.12860766,22.77106537
,,,
2016-05-30 04:18:24  UTC,0.148970844,17.24810529,22.77106537
,,,
2016-05-30 04:33:24  UTC,0.17569951,17.00899582,22.77106537
,,,
2016-05-30 04:48:24  UTC,0.684480755,16.88681436,22.86416937
,,,
2016-05-30 05:03:24  UTC,0.206890249,17.12943311,22.91067712
,,,
2016-05-30 05:18:24  UTC,0.238258116,17.24976477,22.91067712
,,,
2016-05-30 05:33:24  UTC,0.412428286,16.64461995,22.95715561
,,,
2016-05-30 05:48:24  UTC,0.530339444,16.88516645,22.77106537
,,,
2016-05-30 06:03:24  UTC,0.740696209,17.00817366,22.86416937
,,,
2016-05-30 06:18:24  UTC,0.975597486,17.24893605,23.28170111
,,,
2016-05-30 06:33:24  UTC,1.213362162,17.49425175,23.74299024
,,,
2016-05-30 06:48:24  UTC,0.793293722,17.25141605,24.06433645
,,,
2016-05-30 07:03:24  UTC,0.82001215,17.01307634,24.2016822
,,,
2016-05-30 07:18:24  UTC,0.934800464,17.13271458,24.38447268
,,,
2016-05-30 07:33:24  UTC,1.480299878,17.3790075,24.65795963
,,,
2016-05-30 07:48:24  UTC,1.213188951,17.01550074,24.93064309
,,,
2016-05-30 08:03:24  UTC,1.936481956,17.01469458,25.11200517
,,,
2016-05-30 08:18:24  UTC,1.230217159,17.01226424,25.29303937
,,,
2016-05-30 08:33:24  UTC,0.629933324,16.89812521,25.157294
,,,
2016-05-30 08:48:24  UTC,0.736732668,16.90207253,25.02136584
,,,
2016-05-30 09:03:24  UTC,0.517630179,17.13918196,24.83983544
,,,
2016-05-30 09:18:24  UTC,0.522608459,16.9113574,24.65795963
,,,
2016-05-30 09:33:24  UTC,0.684765688,16.89653293,24.56688854
,,,
2016-05-30 09:48:24  UTC,0.719834628,17.25874744,24.47572671
,,,
2016-05-30 10:03:24  UTC,0.57089477,17.01950235,24.38447268
,,,
2016-05-30 10:18:24  UTC,0.530061991,16.90128684,24.15592467
,,,
2016-05-30 10:33:24  UTC,0.709979276,17.27294346,24.15592467
,,,
2016-05-30 10:48:24  UTC,0.616220048,16.89891847,24.15592467
,,,
2016-05-30 11:03:24  UTC,0.482795494,17.14395113,24.06433645
,,,
2016-05-30 11:18:24  UTC,0.405991654,17.15020525,23.97264945
,,,
2016-05-30 11:33:24  UTC,0.44089055,17.38382582,23.97264945
,,,
2016-05-30 11:48:24  UTC,0.561517307,16.89251825,24.01850538
,,,
2016-05-30 12:03:24  UTC,0.476628085,17.14395113,24.01850538
,,,
2016-05-30 12:18:21  UTC,0.457757106,17.02424121,23.97264945
,,,
2016-05-30 12:33:21  UTC,0.500831687,16.77901935,24.01850538
,,,
2016-05-30 12:48:21  UTC,0.505752575,17.01388645,24.06433645
,,,
2016-05-30 13:03:21  UTC,0.229417314,17.03122451,23.97264945
,,,
2016-05-30 13:18:21  UTC,0.257843059,17.2619548,23.74299024
,,,
2016-05-30 13:33:21  UTC,0.325197639,17.26354697,23.74299024
,,,
2016-05-30 13:48:21  UTC,0.353655919,16.66597399,23.65094603
,,,
2016-05-30 14:03:21  UTC,0.391982586,17.03122451,23.65094603
,,,
2016-05-30 14:18:21  UTC,0.37128868,16.77901935,23.65094603
,,,
2016-05-30 14:33:21  UTC,0.340930598,16.65665508,23.60488452
,,,
2016-05-30 14:48:21  UTC,0.309482551,16.64543619,23.42037142
,,,
2016-05-30 15:03:21  UTC,0.251477784,17.00734945,23.37417548
,,,
2016-05-30 15:18:21  UTC,0.256609438,16.52621551,23.60488452
,,,
2016-05-30 15:33:21  UTC,0.245636238,16.64706261,23.65094603
,,,
2016-05-30 15:48:21  UTC,0.216841478,17.13107789,23.65094603
,,,
2016-05-30 16:03:21  UTC,0.194721471,16.64706261,23.60488452
,,,
2016-05-30 16:18:21  UTC,0.159111918,16.76699373,23.60488452
,,,
2016-05-30 16:33:21  UTC,0.127748764,16.89008578,23.32795211
,,,
2016-05-30 16:48:21  UTC,0.193490657,16.89008578,23.14278063
,,,
2016-05-30 17:03:21  UTC,0.173729273,16.7686228,23.05002554
,,,
2016-05-30 17:18:21  UTC,0.150454166,16.89008578,23.00360502
,,,
2016-05-30 17:33:21  UTC,0.133925099,17.13189724,22.86416937
,,,
2016-05-30 17:48:21  UTC,0.1,17.01145015,22.77106537
,,,
2016-05-30 18:03:21  UTC,0.1,16.7686228,22.63118535
,,,
2016-05-30 18:18:21  UTC,0.1,16.7686228,22.58449821
,,,
2016-05-30 18:33:21  UTC,0.1,17.00899582,22.53778054
,,,
2016-05-30 18:48:21  UTC,0.125799261,16.648681,22.49103214
,,,
2016-05-30 19:03:21  UTC,0.1,16.76780927,22.44425284
,,,
2016-05-30 19:18:21  UTC,0.1,16.52943101,22.3506008
,,,
2016-05-30 19:33:21  UTC,0.1,16.648681,22.3037277
,,,
2016-05-30 19:48:21  UTC,0.1,16.6510937,22.3037277
,,,
2016-05-30 20:03:21  UTC,0.1,16.7686228,22.3037277
,,,
2016-05-30 20:18:21  UTC,0.1,16.4068744,22.25682296
,,,
2016-05-30 20:33:21  UTC,0.1,16.89089859,22.25682296
,,,
2016-05-30 20:48:21  UTC,0.1,17.13434327,22.20988641
,,,
2016-05-30 21:03:21  UTC,0.1,16.651894,22.20988641
,,,
2016-05-30 21:18:21  UTC,0.1,16.89493292,22.11591712
,,,
2016-05-30 21:33:21  UTC,0.1,16.65348875,22.11591712
,,,
2016-05-30 21:48:21  UTC,0.1,16.77426181,22.06888402
,,,
2016-05-30 22:03:21  UTC,0.1,17.01307634,22.02181837
,,,
2016-05-30 22:18:21  UTC,0.1,16.77185693,21.97472
,,,
2016-05-30 22:33:21  UTC,0.1,16.76943432,21.97472
,,,
2016-05-30 22:48:21  UTC,0.1,16.89170942,21.92758871
,,,
2016-05-30 23:03:21  UTC,0.1,16.77105137,21.88042433
,,,
2016-05-30 23:18:21  UTC,0.1,16.89089859,21.88042433
,,,
2016-05-30 23:33:21  UTC,0.1,17.01307634,21.83322667
,,,
2016-05-30 23:48:21  UTC,0.1,16.89089859,21.83322667
,,,
2016-05-31 00:03:21  UTC,0.1,17.13515463,21.83322667
,,,
2016-05-31 00:18:21  UTC,0.1,16.52782722,21.78599556
,,,
2016-05-31 00:33:21  UTC,0.1,16.89251825,21.78599556
,,,
2016-05-31 00:48:21  UTC,0.1,16.651894,21.78599556
,,,
2016-05-31 01:03:21  UTC,0.1,17.01307634,21.78599556
,,,
2016-05-31 01:18:21  UTC,0.1,16.77266052,22.06888402
,,,
2016-05-31 01:33:21  UTC,0.1,16.89089859,22.16291785
,,,
2016-05-31 01:48:21  UTC,0.1,17.01145015,22.20988641
,,,
2016-05-31 02:03:21  UTC,0.1,16.648681,22.25682296
,,,
2016-05-31 02:18:21  UTC,0.1,16.77105137,22.3037277
,,,
2016-05-31 02:33:21  UTC,0.1,17.13352992,22.3037277
,,,
2016-05-31 02:48:21  UTC,0.1,16.77346214,22.3506008
,,,
2016-05-31 03:03:21  UTC,0.1,17.25713211,22.3506008
,,,
2016-05-31 03:18:21  UTC,0.1,17.01550074,22.3506008
,,,
2016-05-31 03:33:21  UTC,0.1,17.0171072,22.39744245
,,,
2016-05-31 03:48:21  UTC,0.1,16.77266052,22.39744245
,,,
2016-05-31 04:03:21  UTC,0.1,17.01469458,22.39744245
,,,
2016-05-31 04:18:21  UTC,0.1,16.89412999,22.44425284
,,,
2016-05-31 04:33:21  UTC,0.1,17.01550074,22.44425284
,,,
2016-05-31 04:48:21  UTC,0.1,17.01630495,22.44425284
,,,
2016-05-31 05:03:21  UTC,0.1,16.89493292,22.44425284
,,,
2016-05-31 05:18:21  UTC,0.1,16.65348875,22.39744245
,,,
2016-05-31 05:33:21  UTC,0.1,16.77346214,22.44425284
,,,
2016-05-31 05:48:21  UTC,0.1,17.13434327,22.3037277
,,,
2016-05-31 06:03:21  UTC,0.1,17.13352992,22.11591712
,,,
2016-05-31 06:18:21  UTC,0.175796929,16.89251825,22.02181837
,,,
2016-05-31 06:33:21  UTC,0.175935117,16.77505954,21.97472
,,,
2016-05-31 06:48:21  UTC,0.296945068,16.77664921,22.06888402
,,,
2016-05-31 07:03:21  UTC,0.484652753,17.01790752,22.16291785
,,,
2016-05-31 07:18:21  UTC,0.83224315,17.02108953,22.3506008
,,,
2016-05-31 07:33:21  UTC,0.660915906,16.90049928,22.67784214
,,,
2016-05-31 07:48:21  UTC,0.518791275,16.77980561,22.81763218
,,,
2016-05-31 08:03:21  UTC,0.3844127,16.77744116,22.95715561
,,,
2016-05-31 08:18:21  UTC,0.420985183,16.65822682,23.05002554
,,,
2016-05-31 08:33:21  UTC,0.455861659,16.78215313,23.09641735
,,,
2016-05-31 08:48:21  UTC,0.372472661,16.66366907,23.18911556
,,,
2016-05-31 09:03:21  UTC,0.39609351,16.66134778,23.14278063
,,,
2016-05-31 09:18:21  UTC,0.491832728,16.66673869,23.23542233
,,,
2016-05-31 09:33:21  UTC,0.299073906,16.78679834,23.18911556
,,,
2016-05-31 09:48:21  UTC,0.254392601,16.79289144,23.23542233
,,,
2016-05-31 10:03:21  UTC,0.241903862,16.90752046,23.09641735
,,,
2016-05-31 10:18:21  UTC,0.286769942,16.66443919,23.05002554
,,,
2016-05-31 10:33:21  UTC,0.293344512,16.78756619,23.00360502
,,,
2016-05-31 10:48:21  UTC,0.482824408,16.66826276,23.05002554
,,,
2016-05-31 11:03:21  UTC,0.448705666,16.66826276,23.09641735
,,,
2016-05-31 11:18:21  UTC,0.497285846,16.9090606,23.09641735
,,,
2016-05-31 11:33:21  UTC,0.613031321,16.42173833,23.14278063
,,,
2016-05-31 11:48:21  UTC,0.987415157,16.66750162,23.28170111
,,,
2016-05-31 12:03:21  UTC,2.144241633,17.14157511,23.46654011
,,,
2016-05-31 12:18:17  UTC,2.198980643,17.14473937,23.60488452
,,,
2016-05-31 12:33:17  UTC,1.747856774,17.26749442,23.65094603
,,,
2016-05-31 12:48:17  UTC,2.0718142,17.14473937,23.97264945
,,,
2016-05-31 13:03:17  UTC,1.994395011,17.14942989,24.06433645
,,,
2016-05-31 13:18:17  UTC,1.839226139,17.39014413,24.01850538
,,,
2016-05-31 13:33:17  UTC,1.768870156,17.50797475,24.06433645
,,,
2016-05-31 13:48:17  UTC,1.717401015,17.26906039,24.01850538
,,,
2016-05-31 14:03:17  UTC,1.666835355,17.39480581,24.01850538
,,,
2016-05-31 14:18:17  UTC,1.713327684,17.8757802,23.97264945
,,,
2016-05-31 14:33:17  UTC,1.638731146,17.38936084,23.97264945
,,,
2016-05-31 14:48:17  UTC,1.530325636,17.74158068,23.92676845
,,,
2016-05-31 15:03:17  UTC,1.437438246,17.74641989,23.88086222
,,,
2016-05-31 15:18:17  UTC,1.302043877,17.98031057,24.15592467
,,,
2016-05-31 15:33:17  UTC,1.171990689,18.10643811,24.293125
,,,
2016-05-31 15:48:17  UTC,1.029357903,18.2259509,24.293125
,,,
2016-05-31 16:03:17  UTC,0.918386278,17.98194745,24.33881064
,,,
2016-05-31 16:18:17  UTC,0.854456217,17.73501879,24.293125
,,,
2016-05-31 16:33:17  UTC,0.815745331,17.61674795,24.293125
,,,
2016-05-31 16:48:17  UTC,0.752017735,17.74641989,24.293125
,,,
2016-05-31 17:03:17  UTC,0.698600258,17.85730973,24.33881064
,,,
2016-05-31 17:18:17  UTC,0.740099039,18.10643811,24.2016822
,,,
2016-05-31 17:33:17  UTC,0.572702115,17.9908124,24.24741558
,,,
2016-05-31 17:48:17  UTC,0.335401106,17.63667426,24.2016822
,,,
2016-05-31 18:03:17  UTC,0.256770432,17.62884447,24.11014281
,,,
2016-05-31 18:18:17  UTC,0.676149812,17.63121253,24.11014281
,,,
2016-05-31 18:33:17  UTC,0.780081741,17.75197952,24.15592467
,,,
2016-05-31 18:48:17  UTC,0.739569006,17.39480581,24.293125
,,,
2016-05-31 19:03:17  UTC,0.345127519,17.75276635,24.11014281
,,,
2016-05-31 19:18:17  UTC,0.164204056,17.27061905,24.06433645
,,,
2016-05-31 19:33:17  UTC,0.153414987,17.63667426,24.01850538
,,,
2016-05-31 19:48:17  UTC,0.1,17.38857571,23.97264945
,,,
2016-05-31 20:03:17  UTC,0.1,17.75511595,23.97264945
,,,
2016-05-31 20:18:17  UTC,0.1,17.63434432,23.88086222
,,,
2016-05-31 20:33:17  UTC,0.1,17.75589555,23.78897329
,,,
2016-05-31 20:48:17  UTC,0.1,17.6412866,23.74299024
,,,
2016-05-31 21:03:17  UTC,0.1,17.27448413,23.65094603
,,,
2016-05-31 21:18:17  UTC,0.1,17.5126873,23.60488452
,,,
2016-05-31 21:33:17  UTC,0.1,17.51501904,23.55879648
,,,
2016-05-31 21:48:17  UTC,0.1,17.76587115,23.51268174
,,,
2016-05-31 22:03:17  UTC,0.1,17.52115931,23.46654011
,,,
2016-05-31 22:18:17  UTC,0.1,17.40318775,23.37417548
,,,
2016-05-31 22:33:17  UTC,0.1,17.75822366,23.37417548
,,,
2016-05-31 22:48:17  UTC,0.1,17.52418815,23.37417548
,,,
2016-05-31 23:03:17  UTC,0.1,17.63821869,23.28170111
,,,
2016-05-31 23:18:17  UTC,0.1,17.51656461,23.23542233
,,,
2016-05-31 23:33:17  UTC,0.1,17.39711257,23.23542233
,,,
2016-05-31 23:48:17  UTC,0.1,17.63434432,23.23542233
,,,
2016-06-01 00:03:17  UTC,0.1,17.38936084,23.23542233
,,,
2016-06-01 00:18:17  UTC,0.1,17.51112378,23.18911556
,,,
2016-06-01 00:33:17  UTC,0.1,17.7480177,23.14278063
,,,
2016-06-01 00:48:17  UTC,0.1,17.26984063,23.14278063
,,,
2016-06-01 01:03:17  UTC,0.1,17.75822366,23.14278063
,,,
2016-06-01 01:18:17  UTC,0.1,17.5126873,23.05002554
,,,
2016-06-01 01:33:17  UTC,0.1,17.52418815,23.05002554
,,,
2016-06-01 01:48:17  UTC,0.1,17.63898827,23.05002554
,,,
2016-06-01 02:03:17  UTC,0.1,17.88120827,23.05002554
,,,
2016-06-01 02:18:17  UTC,0.1,17.51656461,23.00360502
,,,
2016-06-01 02:33:17  UTC,0.1,17.63667426,23.05002554
,,,
2016-06-01 02:48:17  UTC,0.1,17.63821869,23.00360502
,,,
2016-06-01 03:03:17  UTC,0.1,17.40092237,23.00360502
,,,
2016-06-01 03:18:17  UTC,0.1,17.52191906,23.00360502
,,,
2016-06-01 03:33:17  UTC,0.1,17.63512275,23.00360502
,,,
2016-06-01 03:48:17  UTC,0.1,17.14709292,23.00360502
,,,
2016-06-01 04:03:17  UTC,0.1,17.6358994,23.00360502
,,,
2016-06-01 04:18:17  UTC,0.1,17.51346634,23.00360502
,,,
2016-06-01 04:33:17  UTC,0.1,17.39170524,23.05002554
,,,
2016-06-01 04:48:17  UTC,0.1,17.51886977,23.05002554
,,,
2016-06-01 05:03:17  UTC,0.1,17.50955295,23.09641735
,,,
2016-06-01 05:18:17  UTC,0.1,17.51424358,23.09641735
,,,
2016-06-01 05:33:17  UTC,0.128916644,17.50876478,23.14278063
,,,
2016-06-01 05:48:17  UTC,0.232817096,17.27601773,22.91067712
,,,
2016-06-01 06:03:17  UTC,0.189421363,17.27139565,22.81763218
,,,
2016-06-01 06:18:17  UTC,0.188236061,17.63512275,22.81763218
,,,
2016-06-01 06:33:17  UTC,0.216829268,17.75355136,22.72446875
,,,
2016-06-01 06:48:17  UTC,0.266346697,17.63356409,22.81763218
,,,
2016-06-01 07:03:17  UTC,0.201910381,17.39480581,22.77106537
,,,
2016-06-01 07:18:17  UTC,0.235704356,17.51112378,22.81763218
,,,
2016-06-01 07:33:17  UTC,0.213717146,17.87184942,22.81763218
,,,
2016-06-01 07:48:17  UTC,0.221599143,17.87263921,22.91067712
,,,
2016-06-01 08:03:17  UTC,0.207057565,17.39711257,22.91067712
,,,
2016-06-01 08:18:17  UTC,0.212085174,17.51733475,22.91067712
,,,
2016-06-01 08:33:17  UTC,0.215156994,17.40618486,22.86416937
,,,
2016-06-01 08:48:17  UTC,0.215169021,17.51733475,22.95715561
,,,
2016-06-01 09:03:17  UTC,0.255782155,17.16237151,23.00360502
,,,
2016-06-01 09:18:17  UTC,0.23111888,17.51190645,22.95715561
,,,
2016-06-01 09:33:17  UTC,0.241654933,17.51963467,22.95715561
,,,
2016-06-01 09:48:17  UTC,0.193809212,17.15634383,22.91067712
,,,
2016-06-01 10:03:17  UTC,0.125477841,17.16311739,22.91067712
,,,
2016-06-01 10:18:17  UTC,0.1,17.63512275,22.77106537
,,,
2016-06-01 10:33:17  UTC,0.1,17.28358222,22.72446875
,,,
2016-06-01 10:48:17  UTC,0.135709875,17.27830503,22.63118535
,,,
2016-06-01 11:03:17  UTC,0.1,17.51733475,22.63118535
,,,
2016-06-01 11:18:17  UTC,0.1,17.39557649,22.67784214
,,,
2016-06-01 11:33:17  UTC,0.136069426,17.15328869,22.63118535
,,,
2016-06-01 11:48:17  UTC,0.157122118,17.40318775,22.63118535
,,,
2016-06-01 12:03:17  UTC,0.1,17.51810313,22.63118535
,,,
2016-06-01 12:18:14  UTC,0.227391225,17.52191906,22.67784214
,,,
2016-06-01 12:33:14  UTC,0.238691429,17.16162396,22.58449821
,,,
2016-06-01 12:48:14  UTC,0.260214608,17.63667426,22.63118535
,,,
2016-06-01 13:03:14  UTC,0.277418402,17.39325911,22.67784214
,,,
2016-06-01 13:18:14  UTC,0.270994167,17.27754433,22.72446875
,,,
2016-06-01 13:33:14  UTC,0.234504176,17.6358994,22.81763218
,,,
2016-06-01 13:48:14  UTC,0.18050554,17.40393951,22.77106537
,,,
2016-06-01 14:03:14  UTC,0.185334922,17.15710327,22.67784214
,,,
2016-06-01 14:18:14  UTC,0.18782876,17.39940362,22.63118535
,,,
2016-06-01 14:33:14  UTC,0.156822281,17.03956453,22.63118535
,,,
2016-06-01 14:48:14  UTC,0.180633887,17.04254619,22.53778054
,,,
2016-06-01 15:03:14  UTC,0.147112356,17.27982127,22.44425284
,,,
2016-06-01 15:18:14  UTC,0.21990511,17.02580585,22.3506008
,,,
2016-06-01 15:33:14  UTC,0.264807767,17.2767819,22.25682296
,,,
2016-06-01 15:48:14  UTC,0.27537382,17.64432708,22.20988641
,,,
2016-06-01 16:03:14  UTC,0.244013165,17.27830503,22.16291785
,,,
2016-06-01 16:18:14  UTC,0.197254688,17.39403335,22.06888402
,,,
2016-06-01 16:33:14  UTC,0.124452464,17.03199142,22.02181837
,,,
2016-06-01 16:48:14  UTC,0.135928834,17.51501904,21.83322667
,,,
2016-06-01 17:03:14  UTC,0.137743431,17.27601773,21.83322667
,,,
2016-06-01 17:18:14  UTC,0.126842083,17.39787799,21.78599556
,,,
2016-06-01 17:33:14  UTC,0.1,17.03579955,21.7387308
,,,
2016-06-01 17:48:14  UTC,0.1,17.51963467,21.69143221
,,,
2016-06-01 18:03:14  UTC,0.1,17.52343347,21.64409962
,,,
2016-06-01 18:18:14  UTC,0.1,17.15328869,21.54933167
,,,
2016-06-01 18:33:14  UTC,0.1,17.51190645,21.54933167
,,,
2016-06-01 18:48:14  UTC,0.1,17.15634383,21.50189596
,,,
2016-06-01 19:03:14  UTC,0.1,17.27830503,21.50189596
,,,
2016-06-01 19:18:14  UTC,0.1,17.03806364,21.45442551
,,,
2016-06-01 19:33:14  UTC,0.1,17.51733475,21.35937966
,,,
2016-06-01 19:48:14  UTC,0.1,17.27830503,21.40692014
,,,
2016-06-01 20:03:14  UTC,0.1,17.51810313,21.64409962
,,,
2016-06-01 20:18:14  UTC,0.1,17.03045583,21.78599556
,,,
2016-06-01 20:33:14  UTC,0.1,17.15558267,21.83322667
,,,
2016-06-01 20:48:14  UTC,0.1,17.5264422,21.83322667
,,,
2016-06-01 21:03:14  UTC,0.1,17.40393951,21.83322667
,,,
2016-06-01 21:18:14  UTC,0.1,17.27601773,21.88042433
,,,
2016-06-01 21:33:14  UTC,0.1,17.39864167,21.88042433
,,,
2016-06-01 21:48:14  UTC,0.1,17.2767819,21.88042433
,,,
2016-06-01 22:03:14  UTC,0.1,17.03655596,21.92758871
,,,
2016-06-01 22:18:14  UTC,0.1,17.15710327,21.92758871
,,,
2016-06-01 22:33:14  UTC,0.1,17.51963467,21.88042433
,,,
2016-06-01 22:48:14  UTC,0.1,17.27754433,21.88042433
,,,
2016-06-01 23:03:14  UTC,0.1,17.27830503,21.88042433
,,,
2016-06-01 23:18:14  UTC,0.1,17.27448413,21.88042433
,,,
2016-06-01 23:33:14  UTC,0.1,17.03655596,21.88042433
,,,
2016-06-01 23:48:14  UTC,0.1,17.15634383,21.88042433
,,,
2016-06-02 00:03:14  UTC,0.1,17.15634383,21.83322667
,,,
2016-06-02 00:18:14  UTC,0.1,17.40318775,21.83322667
,,,
2016-06-02 00:33:14  UTC,0.1,17.63744736,21.83322667
,,,
2016-06-02 00:48:14  UTC,0.1,17.40618486,21.83322667
,,,
2016-06-02 01:03:14  UTC,0.1,17.2767819,21.78599556
,,,
2016-06-02 01:18:14  UTC,0.1,17.39787799,21.83322667
,,,
2016-06-02 01:33:14  UTC,0.1,17.15558267,21.83322667
,,,
2016-06-02 01:48:14  UTC,0.1,17.28283339,21.78599556
,,,
2016-06-02 02:03:14  UTC,0.1,17.16087473,21.83322667
,,,
2016-06-02 02:18:14  UTC,0.1,17.27982127,21.83322667
,,,
2016-06-02 02:33:14  UTC,0.1,17.03881493,21.78599556
,,,
2016-06-02 02:48:14  UTC,0.1,17.27830503,21.78599556
,,,
2016-06-02 03:03:14  UTC,0.1,17.63975611,21.78599556
,,,
2016-06-02 03:18:14  UTC,0.1,17.28057684,21.78599556
,,,
2016-06-02 03:33:14  UTC,0.1,16.91439516,21.78599556
,,,
2016-06-02 03:48:14  UTC,0.1,17.03275655,21.83322667
,,,
2016-06-02 04:03:14  UTC,0.1,17.27371468,21.78599556
,,,
2016-06-02 04:18:14  UTC,0.1,17.15405511,21.83322667
,,,
2016-06-02 04:33:14  UTC,0.1,17.03199142,21.78599556
,,,
2016-06-02 04:48:14  UTC,0.1,16.91439516,21.83322667
,,,
2016-06-02 05:03:14  UTC,0.1,17.27601773,21.78599556
,,,
2016-06-02 05:18:14  UTC,0.142761789,17.27754433,21.83322667
,,,
2016-06-02 05:33:14  UTC,0.159245867,17.03655596,21.88042433
,,,
2016-06-02 05:48:14  UTC,0.221040105,17.51963467,21.69143221
,,,
2016-06-02 06:03:14  UTC,0.213178327,17.27525181,21.59673283
,,,
2016-06-02 06:18:14  UTC,0.266474207,17.15097879,21.54933167
,,,
2016-06-02 06:33:14  UTC,0.296765249,17.03351992,21.54933167
,,,
2016-06-02 06:48:14  UTC,0.296697872,17.03731066,21.64409962
,,,
2016-06-02 07:03:14  UTC,0.380514734,17.15634383,21.59673283
,,,
2016-06-02 07:18:14  UTC,0.449585057,17.39787799,21.69143221
,,,
2016-06-02 07:33:14  UTC,0.528162105,17.27601773,21.83322667
,,,
2016-06-02 07:48:14  UTC,0.52992337,16.78909651,21.97472
,,,
2016-06-02 08:03:14  UTC,2.109704541,17.03655596,22.16291785
,,,
2016-06-02 08:18:14  UTC,1.506753788,17.51656461,22.63118535
,,,
2016-06-02 08:33:14  UTC,1.562514056,17.27448413,23.00360502
,,,
2016-06-02 08:48:14  UTC,1.489532864,17.15252051,23.65094603
,,,
2016-06-02 09:03:14  UTC,1.41748526,17.40092237,24.06433645
,,,
2016-06-02 09:18:14  UTC,0.705723094,16.79514756,23.92676845
,,,
2016-06-02 09:33:14  UTC,0.805147529,17.16012384,24.24741558
,,,
2016-06-02 09:48:14  UTC,1.759906563,17.28358222,24.15592467
,,,
2016-06-02 10:03:14  UTC,0.875180015,16.91740527,24.11014281
,,,
2016-06-02 10:18:14  UTC,0.649972774,17.39940362,23.97264945
,,,
2016-06-02 10:33:14  UTC,0.754143657,17.40243431,23.83493056
,,,
2016-06-02 10:48:14  UTC,0.659641126,17.28358222,23.69698121
,,,
2016-06-02 11:03:14  UTC,0.844833637,16.92554516,23.69698121
,,,
2016-06-02 11:18:14  UTC,0.895268871,17.04476513,23.69698121
,,,
2016-06-02 11:33:14  UTC,0.770432134,17.5264422,23.69698121
,,,
2016-06-02 11:48:14  UTC,1.060182718,17.16682224,23.78897329
,,,
2016-06-02 12:03:14  UTC,0.615895086,17.2843294,23.83493056
,,,
2016-06-02 12:18:11  UTC,0.538581651,16.8032907,23.74299024
,,,
2016-06-02 12:33:11  UTC,0.463536422,17.40543806,23.69698121
,,,
2016-06-02 12:48:11  UTC,0.527028511,17.28951395,23.69698121
,,,
2016-06-02 13:03:11  UTC,0.872159911,17.04843111,23.74299024
,,,
2016-06-02 13:18:11  UTC,1.570767649,17.2873017,23.92676845
,,,
2016-06-02 13:33:11  UTC,2.009056406,17.40915576,24.15592467
,,,
2016-06-02 13:48:11  UTC,1.842340713,16.92260815,24.24741558
,,,
2016-06-02 14:03:11  UTC,1.108477015,17.28877814,24.43011131
,,,
2016-06-02 14:18:11  UTC,2.082151032,17.04328747,24.38447268
,,,
2016-06-02 14:33:11  UTC,1.457944236,17.28877814,24.33881064
,,,
2016-06-02 14:48:11  UTC,1.592217368,17.64808997,24.33881064
,,,
2016-06-02 15:03:11  UTC,0.98637147,17.28804072,24.11014281
,,,
2016-06-02 15:18:11  UTC,1.549593615,17.40767355,24.2016822
,,,
2016-06-02 15:33:11  UTC,1.422422878,17.53016617,24.24741558
,,,
2016-06-02 15:48:11  UTC,0.739304266,17.52868144,24.11014281
,,,
2016-06-02 16:03:11  UTC,0.477532097,17.28656107,23.92676845
,,,
2016-06-02 16:18:11  UTC,0.503798115,17.40915576,23.83493056
,,,
2016-06-02 16:33:11  UTC,0.625503985,17.04623632,23.78897329
,,,
2016-06-02 16:48:11  UTC,0.883333838,17.28507493,23.74299024
,,,
2016-06-02 17:03:11  UTC,0.577371782,17.04328747,23.69698121
,,,
2016-06-02 17:18:11  UTC,0.443719461,17.52793666,23.55879648
,,,
2016-06-02 17:33:11  UTC,0.489238498,17.40543806,23.51268174
,,,
2016-06-02 17:48:11  UTC,0.352679436,17.0469695,23.46654011
,,,
2016-06-02 18:03:11  UTC,0.260772622,17.28877814,23.32795211
,,,
2016-06-02 18:18:11  UTC,0.269561106,16.80035265,23.23542233
,,,
2016-06-02 18:33:11  UTC,0.330943131,17.2843294,23.18911556
,,,
2016-06-02 18:48:11  UTC,0.237585483,17.40767355,23.09641735
,,,
2016-06-02 19:03:11  UTC,0.224540533,17.40468962,23.00360502
,,,
2016-06-02 19:18:11  UTC,0.190825846,17.15937125,22.91067712
,,,
2016-06-02 19:33:11  UTC,0.134799626,17.40543806,22.81763218
,,,
2016-06-02 19:48:11  UTC,0.1,17.28358222,22.77106537
,,,
2016-06-02 20:03:11  UTC,0.1,17.64658978,22.91067712
,,,
2016-06-02 20:18:11  UTC,0.1,17.2843294,22.95715561
,,,
2016-06-02 20:33:11  UTC,0.1,17.16162396,23.00360502
,,,
2016-06-02 20:48:11  UTC,0.1,17.16162396,23.00360502
,,,
2016-06-02 21:03:11  UTC,0.1,17.64883762,23.00360502
,,,
2016-06-02 21:18:11  UTC,0.1,16.92112989,23.00360502
,,,
2016-06-02 21:33:11  UTC,0.1,16.92186984,22.95715561
,,,
2016-06-02 21:48:11  UTC,0.1,16.79813192,22.91067712
,,,
2016-06-02 22:03:11  UTC,0.1,17.04623632,22.91067712
,,,
2016-06-02 22:18:11  UTC,0.1,16.92407988,22.91067712
,,,
2016-06-02 22:33:11  UTC,0.1,17.40543806,22.86416937
,,,
2016-06-02 22:48:11  UTC,0.1,17.16534519,22.86416937
,,,
2016-06-02 23:03:11  UTC,0.1,17.40693002,22.81763218
,,,
2016-06-02 23:18:11  UTC,0.1,16.92407988,22.81763218
,,,
2016-06-02 23:33:11  UTC,0.1,17.40393951,22.81763218
,,,
2016-06-02 23:48:11  UTC,0.1,17.04550153,22.77106537
,,,
2016-06-03 00:03:11  UTC,0.1,17.2873017,22.77106537
,,,
2016-06-03 00:18:11  UTC,0.1,17.04550153,22.77106537
,,,
2016-06-03 00:33:11  UTC,0.1,17.28581882,22.77106537
,,,
2016-06-03 00:48:11  UTC,0.1,17.16534519,22.72446875
,,,
2016-06-03 01:03:11  UTC,0.1,17.2873017,22.72446875
,,,
2016-06-03 01:18:11  UTC,0.1,17.16386163,22.72446875
,,,
2016-06-03 01:33:11  UTC,0.1,17.40989445,22.72446875
,,,
2016-06-03 01:48:11  UTC,0.1,16.80035265,22.67784214
,,,
2016-06-03 02:03:11  UTC,0.1,16.79961406,22.67784214
,,,
2016-06-03 02:18:11  UTC,0.1,16.91964505,22.67784214
,,,
2016-06-03 02:33:11  UTC,0.1,17.04623632,22.67784214
,,,
2016-06-03 02:48:11  UTC,0.1,16.92112989,22.63118535
,,,
2016-06-03 03:03:11  UTC,0.1,16.67947288,22.67784214
,,,
2016-06-03 03:18:11  UTC,0.1,16.79738836,22.63118535
,,,
2016-06-03 03:33:11  UTC,0.1,17.0469695,22.67784214
,,,
2016-06-03 03:48:11  UTC,0.122528299,17.28358222,22.63118535
,,,
2016-06-03 04:03:11  UTC,0.144870491,17.15710327,22.63118535
,,,
2016-06-03 04:18:11  UTC,0.179845228,17.04328747,22.67784214
,,,
2016-06-03 04:33:11  UTC,0.24494581,17.40693002,22.67784214
,,,
2016-06-03 04:48:11  UTC,2.978375702,17.40618486,22.81763218
,,,
2016-06-03 05:03:11  UTC,0.719834628,17.04476513,23.51268174
,,,
2016-06-03 05:18:11  UTC,0.727386253,16.80255862,23.37417548
,,,
2016-06-03 05:33:11  UTC,0.66439259,16.92407988,23.60488452
,,,
2016-06-03 05:48:11  UTC,0.772660501,17.04254619,23.74299024
,,,
2016-06-03 06:03:11  UTC,0.853755585,16.92260815,23.83493056
,,,
2016-06-03 06:18:11  UTC,0.954069474,16.80182492,23.97264945
,,,
2016-06-03 06:33:11  UTC,1.043514527,16.9203883,24.15592467
,,,
2016-06-03 06:48:11  UTC,1.530597614,16.8083708,24.293125
,,,
2016-06-03 07:03:11  UTC,1.638110166,17.28877814,24.52131906
,,,
2016-06-03 07:18:11  UTC,2.039491313,16.79887382,24.83983544
,,,
2016-06-03 07:33:11  UTC,2.247286146,16.68093913,25.157294
,,,
2016-06-03 07:48:11  UTC,2.262298423,17.04476513,25.47375737
,,,
2016-06-03 08:03:11  UTC,2.337898497,17.04180327,25.65417088
,,,
2016-06-03 08:18:11  UTC,2.418566438,16.92186984,25.87927737
,,,
2016-06-03 08:33:11  UTC,2.493540851,17.0477011,26.01413114
,,,
2016-06-03 08:48:11  UTC,2.566466791,16.80620305,26.14883337
,,,
2016-06-03 09:03:11  UTC,2.660272043,16.80402117,26.28338896
,,,
2016-06-03 09:18:11  UTC,2.750743794,16.68674017,26.37301367
,,,
2016-06-03 09:33:11  UTC,2.779061746,16.6831264,26.46257686
,,,
2016-06-03 09:48:11  UTC,2.811493113,16.92627541,26.50733585
,,,
2016-06-03 10:03:11  UTC,2.82574628,16.56429439,26.50733585
,,,
2016-06-03 10:18:11  UTC,2.729661342,16.80035265,26.41780286
,,,
2016-06-03 10:33:11  UTC,2.637375981,16.31404832,26.3282091
,,,
2016-06-03 10:48:11  UTC,2.490035154,16.68093913,26.23855308
,,,
2016-06-03 11:03:11  UTC,2.409994388,16.4322704,26.10394916
,,,
2016-06-03 11:18:11  UTC,2.375649331,16.80692719,26.05904848
,,,
2016-06-03 11:33:11  UTC,2.317628327,16.80547734,26.01413114
,,,
2016-06-03 11:48:11  UTC,2.310947282,16.6831264,26.01413114
,,,
2016-06-03 12:03:11  UTC,2.263461287,16.68093913,26.01413114
,,,
2016-06-03 12:18:08  UTC,2.237574648,16.79589618,25.96919697
,,,
2016-06-03 12:33:08  UTC,2.146863112,16.43741131,25.96919697
,,,
2016-06-03 12:48:08  UTC,2.133299002,16.92186984,25.96919697
,,,
2016-06-03 13:03:08  UTC,2.072794362,17.03881493,25.96919697
,,,
2016-06-03 13:18:08  UTC,2.021123842,17.29171193,25.87927737
,,,
2016-06-03 13:33:08  UTC,1.975464551,16.68093913,25.83429157
,,,
2016-06-03 13:48:08  UTC,1.924949664,17.0469695,25.78928821
,,,
2016-06-03 14:03:08  UTC,1.831484277,16.80475005,25.65417088
,,,
2016-06-03 14:18:08  UTC,1.765274097,17.04623632,25.60909541
,,,
2016-06-03 14:33:08  UTC,1.674898986,16.92112989,25.47375737
,,,
2016-06-03 14:48:08  UTC,1.577374067,16.55481282,25.33824805
,,,
2016-06-03 15:03:08  UTC,1.460423334,16.31623245,25.24781091
,,,
2016-06-03 15:18:08  UTC,1.338157573,16.67947288,25.33824805
,,,
2016-06-03 15:33:08  UTC,1.177685499,16.68093913,25.42860688
,,,
2016-06-03 15:48:08  UTC,1.025220871,16.55922286,25.42860688
,,,
2016-06-03 16:03:08  UTC,0.918587997,16.67873731,25.42860688
,,,
2016-06-03 16:18:08  UTC,0.856212695,16.43886543,25.38343716
,,,
2016-06-03 16:33:08  UTC,0.806633894,16.56140591,25.33824805
,,,
2016-06-03 16:48:08  UTC,0.775191495,16.92773116,25.29303937
,,,
2016-06-03 17:03:08  UTC,0.771077792,16.68239891,25.29303937
,,,
2016-06-03 17:18:08  UTC,0.706388637,16.19132401,25.24781091
,,,
2016-06-03 17:33:08  UTC,0.692372176,16.5621304,25.24781091
,,,
2016-06-03 17:48:08  UTC,0.674761973,16.5628533,25.20256252
,,,
2016-06-03 18:03:08  UTC,0.731511613,16.80255862,25.20256252
,,,
2016-06-03 18:18:08  UTC,0.743094279,16.44745792,25.157294
,,,
2016-06-03 18:33:08  UTC,1.158380706,16.6765207,25.24781091
,,,
2016-06-03 18:48:08  UTC,1.515243286,16.43741131,25.38343716
,,,
2016-06-03 19:03:08  UTC,1.774653546,16.31912206,25.96919697
,,,
2016-06-03 19:18:08  UTC,3.444317784,16.55332953,25.83429157
,,,
2016-06-03 19:33:08  UTC,0.292283011,17.04031244,25.47375737
,,,
2016-06-03 19:48:08  UTC,0.135616596,16.8010896,25.24781091
,,,
2016-06-03 20:03:08  UTC,0.1,16.67800009,25.02136584
,,,
2016-06-03 20:18:08  UTC,0.1,16.55849195,24.93064309
,,,
2016-06-03 20:33:08  UTC,0.1,16.80035265,24.88524997
,,,
2016-06-03 20:48:08  UTC,0.1,16.79813192,24.74894144
,,,
2016-06-03 21:03:08  UTC,0.1,16.79589618,24.61243533
,,,
2016-06-03 21:18:08  UTC,0.1,16.91964505,24.43011131
,,,
2016-06-03 21:33:08  UTC,0.1,16.67800009,24.293125
,,,
2016-06-03 21:48:08  UTC,0.1,16.56067983,24.2016822
,,,
2016-06-03 22:03:08  UTC,0.1,16.91964505,24.15592467
,,,
2016-06-03 22:18:08  UTC,0.1,16.92112989,24.06433645
,,,
2016-06-03 22:33:08  UTC,0.1,16.67726123,23.97264945
,,,
2016-06-03 22:48:08  UTC,0.1,16.55332953,23.88086222
,,,
2016-06-03 23:03:08  UTC,0.1,16.79813192,23.83493056
,,,
2016-06-03 23:18:08  UTC,0.1,16.79738836,23.78897329
,,,
2016-06-03 23:33:08  UTC,0.1,16.55555196,23.74299024
,,,
2016-06-03 23:48:08  UTC,0.1,16.79887382,23.65094603
,,,
2016-06-04 00:03:08  UTC,0.1,16.79514756,23.65094603
,,,
2016-06-04 00:18:08  UTC,0.1,16.55332953,23.60488452
,,,
2016-06-04 00:33:08  UTC,0.1,16.6757785,23.55879648
,,,
2016-06-04 00:48:08  UTC,0.1,16.79664311,23.55879648
,,,
2016-06-04 01:03:08  UTC,0.1,16.56140591,23.51268174
,,,
2016-06-04 01:18:08  UTC,0.1,16.42250206,23.46654011
,,,
2016-06-04 01:33:08  UTC,0.1,16.91590363,23.42037142
,,,
2016-06-04 01:48:08  UTC,0.1,17.03731066,23.37417548
,,,
2016-06-04 02:03:08  UTC,0.1,16.66212338,23.37417548
,,,
2016-06-04 02:18:08  UTC,0.1,16.79887382,23.37417548
,,,
2016-06-04 02:33:08  UTC,0.1,16.78985901,23.32795211
,,,
2016-06-04 02:48:08  UTC,0.1,16.91590363,23.28170111
,,,
2016-06-04 03:03:08  UTC,0.1,16.80035265,23.28170111
,,,
2016-06-04 03:18:08  UTC,0.1,16.43152933,23.23542233
,,,
2016-06-04 03:33:08  UTC,0.1,16.79887382,23.23542233
,,,
2016-06-04 03:48:08  UTC,0.1,16.67053564,23.23542233
,,,
2016-06-04 04:03:08  UTC,0.138284027,16.41943625,23.28170111
,,,
2016-06-04 04:18:08  UTC,0.159474082,16.79213595,23.28170111
,,,
2016-06-04 04:33:08  UTC,0.255513143,16.78679834,23.28170111
,,,
2016-06-04 04:48:08  UTC,2.704773202,16.92334482,23.42037142
,,,
2016-06-04 05:03:08  UTC,0.838872881,16.68020682,24.293125
,,,
2016-06-04 05:18:08  UTC,0.809780575,16.43078656,24.11014281
,,,
2016-06-04 05:33:08  UTC,0.83895746,16.67873731,24.33881064
,,,
2016-06-04 05:48:08  UTC,0.916373806,16.55849195,24.65795963
,,,
2016-06-04 06:03:08  UTC,1.049231373,16.67873731,24.97601499
,,,
2016-06-04 06:18:08  UTC,1.228440242,16.80035265,25.24781091
,,,
2016-06-04 06:33:08  UTC,1.437438246,16.68166983,25.56400146
,,,
2016-06-04 06:48:08  UTC,1.611232536,16.8010896,25.83429157
,,,
2016-06-04 07:03:08  UTC,1.785230105,16.30963556,26.05904848
,,,
2016-06-04 07:18:08  UTC,2.105147423,16.81195297,26.37301367
,,,
2016-06-04 07:33:08  UTC,2.335423184,16.43668183,26.64152455
,,,
2016-06-04 07:48:08  UTC,2.356627064,16.55702525,26.86488916
,,,
2016-06-04 08:03:08  UTC,2.423871048,16.68239891,27.04333911
,,,
2016-06-04 08:18:08  UTC,2.540003114,16.5621304,27.22158684
,,,
2016-06-04 08:33:08  UTC,2.618715117,16.80620305,27.39964402
,,,
2016-06-04 08:48:08  UTC,2.681130283,16.68960331,27.57752237
,,,
2016-06-04 09:03:08  UTC,2.808836182,16.93349215,27.71082079
,,,
2016-06-04 09:18:08  UTC,2.909556789,16.3198405,27.84403012
,,,
2016-06-04 09:33:08  UTC,2.930548198,16.81052466,27.93278927
,,,
2016-06-04 09:48:08  UTC,2.914301869,16.44886863,27.93278927
,,,
2016-06-04 10:03:08  UTC,2.921925346,16.56357463,28.02151249
,,,
2016-06-04 10:18:08  UTC,2.925751631,16.07358632,27.97715528
,,,
2016-06-04 10:33:08  UTC,2.74227297,16.44031313,27.93278927
,,,
2016-06-04 10:48:08  UTC,2.595746774,16.69525765,27.88841428
,,,
2016-06-04 11:03:08  UTC,2.481660425,16.68960331,27.7996366
,,,
2016-06-04 11:18:08  UTC,2.352858071,16.3198405,27.66639813
,,,
2016-06-04 11:33:08  UTC,2.331103617,16.31912206,27.13248752
,,,
2016-06-04 11:48:08  UTC,2.276329849,16.81195297,26.77558471
,,,
2016-06-04 12:03:08  UTC,2.247286146,16.43078656,26.50733585
,,,
2016-06-04 12:18:04  UTC,2.215042601,16.56067983,26.28338896
,,,
2016-06-04 12:33:04  UTC,2.176654739,16.56572926,26.10394916
,,,
2016-06-04 12:48:04  UTC,2.143194782,16.6831264,25.96919697
,,,
2016-06-04 13:03:04  UTC,2.097092929,16.67800009,25.83429157
,,,
2016-06-04 13:18:04  UTC,2.021590787,16.68093913,25.7442671
,,,
2016-06-04 13:33:04  UTC,1.957318625,16.56429439,25.65417088
,,,
2016-06-04 13:48:04  UTC,1.888681347,16.6903153,25.60909541
,,,
2016-06-04 14:03:04  UTC,1.816947848,16.56572926,25.56400146
,,,
2016-06-04 14:18:04  UTC,1.736313723,16.5621304,25.47375737
,,,
2016-06-04 14:33:04  UTC,1.676845546,16.19350863,25.42860688
,,,
2016-06-04 14:48:04  UTC,1.573059427,16.68166983,25.38343716
,,,
2016-06-04 15:03:04  UTC,1.467659249,16.56429439,25.24781091
,,,
2016-06-04 15:18:04  UTC,1.317518882,16.1971173,25.157294
,,,
2016-06-04 15:33:04  UTC,1.166991214,16.32127267,25.02136584
,,,
2016-06-04 15:48:04  UTC,1.002733518,16.44175449,24.83983544
,,,
2016-06-04 16:03:04  UTC,0.891636559,16.67800009,24.74894144
,,,
2016-06-04 16:18:04  UTC,0.815265011,16.80692719,24.65795963
,,,
2016-06-04 16:33:04  UTC,0.777155008,16.5621304,24.56688854
,,,
2016-06-04 16:48:04  UTC,0.738247145,16.43595071,24.47572671
,,,
2016-06-04 17:03:04  UTC,0.751539298,16.67873731,24.43011131
,,,
2016-06-04 17:18:04  UTC,0.704817497,16.8010896,24.33881064
,,,
2016-06-04 17:33:04  UTC,0.70301306,16.68239891,24.24741558
,,,
2016-06-04 17:48:04  UTC,0.688260527,16.68602055,24.15592467
,,,
2016-06-04 18:03:04  UTC,0.795194928,16.56067983,24.11014281
,,,
2016-06-04 18:18:04  UTC,0.861346376,16.68020682,24.06433645
,,,
2016-06-04 18:33:04  UTC,1.330448478,16.6765207,24.11014281
,,,
2016-06-04 18:48:04  UTC,1.671019007,16.55702525,24.293125
,,,
2016-06-04 19:03:04  UTC,1.804879416,16.6831264,24.97601499
,,,
2016-06-04 19:18:04  UTC,4.930137644,16.31840205,24.79439933
,,,
2016-06-04 19:33:04  UTC,0.367065864,16.8032907,24.38447268
,,,
2016-06-04 19:48:04  UTC,0.197468257,16.56429439,24.293125
,,,
2016-06-04 20:03:04  UTC,0.123009481,16.68602055,24.2016822
,,,
2016-06-04 20:18:04  UTC,0.1,16.92773116,24.15592467
,,,
2016-06-04 20:33:04  UTC,0.1,16.92845667,24.11014281
,,,
2016-06-04 20:48:04  UTC,0.1,16.68093913,24.06433645
,,,
2016-06-04 21:03:04  UTC,0.1,17.04550153,23.97264945
,,,
2016-06-04 21:18:04  UTC,0.1,17.0477011,23.92676845
,,,
2016-06-04 21:33:04  UTC,0.1,17.52868144,23.88086222
,,,
2016-06-04 21:48:04  UTC,0.1,17.41356423,23.83493056
,,,
2016-06-04 22:03:04  UTC,0.1,17.04328747,23.78897329
,,,
2016-06-04 22:18:04  UTC,0.1,17.04988642,23.69698121
,,,
2016-06-04 22:33:04  UTC,0.1,17.0477011,23.69698121
,,,
2016-06-04 22:48:04  UTC,0.1,17.17121511,23.69698121
,,,
2016-06-04 23:03:04  UTC,0.1,16.79813192,23.65094603
,,,
2016-06-04 23:18:04  UTC,0.1,16.92773116,23.65094603
,,,
2016-06-04 23:33:04  UTC,0.1,16.55922286,23.60488452
,,,
2016-06-04 23:48:04  UTC,0.1,16.8010896,23.55879648
